PC1,PC2,PC3,PC4,PC5,PC7,PC9,PC10,target
1.130664276749676,-1.0876547560815546,3.164263443111654,2.293051826910241,0.0231745626071962,0.6648535048987407,-1.4953923925016628,-0.4994851179899358,0
3.190926393750814,-1.4178845545702077,-0.5337149436697726,-0.8579696574393375,-0.0062894652456919,-0.2590627953354445,0.3425239179841664,1.4315085665536411,1
3.1243394479799558,0.6570076372842977,-0.2851340435581265,-0.6266408168152935,0.1527932189803952,-0.3249952683037154,0.0432048762980036,0.4623038822987749,1
-0.4843390581200207,1.4109722846013095,0.3978057627801175,2.832741412486943,0.7213093802924515,-0.5222212957311242,0.7600790539205974,0.2283791585068496,0
-2.284541673469991,-0.3300325638913242,-0.072260327991118,1.2093182034282068,0.7708346287937184,0.3795667572887501,1.0503805247189617,0.6281098262243552,0
-2.2047134554650243,0.3450790334840878,0.4922291229334009,0.0138643681592653,-0.380237818622333,-0.927745042152156,-0.5465304027892295,0.4748702117518488,0
1.922416069071286,-1.685482603813483,-0.9226074378059216,1.9390721804281177,0.0713762848551965,-0.4575724001446171,1.676147650552425,-0.0271689507599422,1
-0.7393517094382218,-0.811668895610218,-2.5538286407579407,-0.8771733933211058,0.2747727804000482,0.3640482376191612,-0.6746697400459545,0.6931161336269595,0
1.3775164838008744,0.03341054288685,0.2195463321213428,-0.311901246193818,0.5966688222446173,-0.7567982373981028,0.1944105623037604,-1.3735621867272922,1
2.6864102921840987,0.8195610796477113,1.757742321994396,1.4042502022055552,0.7793573303503007,2.368557374509071,0.1722541938649207,-0.4127838982032521,1
0.0247716801847245,1.115622389319827,0.3123507179702774,0.266181430557864,-0.7927199778132903,-0.3056126847663336,0.3649078466307208,-1.4351438275296526,0
-0.7083985253168801,-1.8280076569456032,-0.5496503286461077,1.7104853616762832,0.7172045901223885,-0.1842476476554058,-0.3831565385602339,0.0076392180833354,0
1.422746672411046,-0.2213045519879665,1.4767437076240495,-0.7575630821328958,0.4545732665554131,1.9913313676654425,-1.0365415856362452,0.3572367502711428,1
-2.0125265434649164,1.192316765561677,0.8214436543088985,-0.5515569473623465,0.4393069348593312,-1.11403283663325,-0.69820485367241,-0.3285771354124752,0
-0.4976566982344382,-0.2693062272705932,3.006370624895686,-0.4618683075370148,-0.8087067874782902,0.895298199820979,0.6289626167748238,-0.950421559896664,0
-1.3599677525196745,0.4075629403658382,0.9322901841177862,0.5122021282118769,-0.7949744887237625,-0.5882023421527196,1.1238881371778382,0.2256305729590291,0
-0.4677305806340692,1.814467885767541,0.8048500450606109,1.6707734577582372,-0.0378265293060409,-0.8893037131088645,-1.0137707201186563,-0.7637462069453352,1
-1.0345510031954277,0.3519395410302373,-0.1704719794466036,-0.2799173189618764,-0.3424737081723855,-0.3921639770809228,0.6092848668595799,-0.3900832208186727,0
-1.7889553541322898,-0.5306966321232407,-1.369225317741945,0.1175789295977708,-0.7028125312309161,0.0419734322849269,-0.1450970151997881,-0.1633933458841158,0
-2.231476650343021,0.207151096352174,0.4544649843637494,0.0412172249223245,0.0594028751373696,-0.8783049006265279,-0.5318262453647329,0.5054644099036056,0
0.115061656148925,0.4046009266031944,0.2955582948447174,1.311486908433587,0.3484842991413526,0.1172322229732918,-1.946784493091415,1.7968939908601094,0
-1.4760812039030935,-3.048628927987986,1.6393571505061777,0.6730175931528375,0.0592539010903667,1.2343448814198532,-0.7475968807936219,0.4837307496659595,0
-0.5502827524968203,-0.4639122255765578,0.2633621287823393,1.1322494746497498,1.0476270929700306,-0.6584721800871015,-1.1086571713032505,0.0818295529226084,1
0.8173565351102456,0.0549750663957003,1.2505645753873835,-0.5439228929862681,0.670973761098557,-1.5991002653793125,1.42104244529786,0.2507355228699849,1
2.840853110261154,0.9326307585000287,0.0381451002311918,-0.4135674222858968,0.3157275487310291,-0.081908175489293,0.6432400900491586,0.5763265770553225,1
-1.1883476625245273,0.2093845544211422,-1.030319303610913,1.6163618436992744,-0.9590517294451538,0.1092155893719776,0.3931046783836239,-0.1261911608309586,0
-2.0966664782539484,-1.39812227428606,-1.578750847465931,-0.4646966967040913,-0.1851280123522389,-0.5706715078846394,-0.6703592813726716,-0.2726207833283438,0
0.6847368338140281,-1.2911144878464915,-0.0854249179969207,3.707493816774666,-1.9725232111656863,-0.7940690532883129,-1.1299379859248992,0.3408115138507591,0
-1.361397069128273,0.5648137543394951,0.0990536662243812,0.042733410771042,0.3256986684778796,-0.3138330221795991,1.2762102731437728,-0.1326498132836986,0
1.474432135817176,2.980826736561772,-0.4760570909852371,0.5294320058976304,0.8668105480189225,1.33552747435117,-0.0218575136838869,-0.1008816793480976,1
-0.6883544813461453,-2.0246707881083124,0.1803357863610666,0.436846271188275,-2.0409592308158704,-1.7360983572873832,0.0645385636752017,1.631840883325273,0
1.2872673592755135,0.6367557503868119,1.231354475601514,-2.40066501954448,-1.1704757755596773,1.1384751411184508,0.0484515925103285,0.662820531274936,1
-1.235776926027165,-1.1206418007022816,-0.3068171869459728,-0.8515070793977392,-0.0633070692059535,-1.1438982151735193,-1.1378084592506827,-0.3491813688653414,1
0.0983761230983248,0.8975696830421774,0.270232459978706,-0.0336786636605235,-0.3275848189863484,-0.7227560750269039,0.0720161060530888,-1.637202987449884,0
-1.6406459092709187,1.2840425683962062,-0.1483867983763961,-0.4403784875731539,0.5091305388687992,0.4068171431018595,0.0911410328857886,1.503959422172653,0
-2.153032306609085,0.9090572331720684,0.0365479659465319,-0.5056613393337622,0.2079970854047499,0.0461712381938846,1.134387183827417,-0.3348091057798733,0
1.7477263899136166,2.550866720647141,-0.2760703680419423,0.7271831332307619,0.973130660984707,1.0735486281494802,0.1939660451677758,-0.0268693883614116,1
2.271143954617049,0.0367363542847666,-0.4440236242340011,-0.5153575788835995,0.918017715009538,0.3607179006048197,-0.4113992925996964,0.0199915053120109,1
1.9080624526946968,0.5489821135875079,-0.9450476117259812,-0.8599052145366999,0.5103765988085343,-0.6593187042178703,-1.1320885223591484,0.0801778493753123,1
0.814076837511509,-0.4576203341479237,1.220118508381663,0.2695747858826059,-1.0862789588708817,1.9794275905633745,-1.2002848982473238,0.7234134241593075,0
2.416920926615686,-1.4643378331515269,-0.4531344886285801,-0.4460491145554709,-0.9831217936770223,-0.6376436612597749,1.514100583229777,-0.7486789326156176,1
-1.24781728166986,1.8122478417513068,1.610097322765398,0.5214173740569219,0.6345897412878916,-0.5879110621625812,-0.1599957751654617,1.884785999434067,0
-0.7033374186341058,-3.0205016938538427,-0.157227588922438,-0.4530266478392805,-1.3850939160788251,-1.703555484912053,0.3186970593402375,0.948163177225926,0
-0.7181633777714198,-0.6895199053766766,2.009587805673313,-0.0919404550912023,-1.36512901848759,1.1049052244416866,0.0375596684349383,-0.1429106342427653,0
-1.2807385499586132,-2.046643254620895,-1.6636580472774565,-0.6966289115452797,1.0056214825156522,0.1368781723234723,0.1309955253946421,-0.9096241943327288,1
0.7796833631354104,0.7179243583780589,0.6667817109380872,0.3649164365264314,0.7387300484192809,-0.9968416074737956,0.1538784896673888,-0.607852162911934,1
-1.3837067207588634,1.5785339546785742,-0.3304123135143265,-0.1577036728150673,-1.4112897157721538,0.0794509336468595,-0.546173357656009,-0.1388680827279469,0
1.5459022650776186,0.5619581720073659,0.4154465574192775,0.9872449053206228,1.0940690433196647,-0.3096655697917749,0.5626628318464332,-1.4355197959250712,1
-0.1949911293508278,-4.108032290439216,-0.0261228350566478,-1.194951598917208,0.5612730802309541,0.8443939822713525,-1.0210047511562022,-0.3070961534337592,0
0.262557643227076,-0.1508249457093319,1.824609084612656,1.603712351577715,-0.0760422045309157,2.210695526394436,-0.406223084715272,-0.8503990470670576,0
-2.906639796562345,0.5748962799343476,-0.6260145845134852,0.0458564849401131,-1.0457851215502434,-0.0058164455159217,0.5060400535975849,0.8998597612873189,0
-0.1898716448069999,1.3445342652005854,0.0742846376225997,-1.0313659487572893,-1.3520188451800612,-0.5529325764343498,-0.1061320552595373,-1.5375758673388047,0
-1.2023995166649533,0.2607005613213086,-0.7800738098174048,-1.467015319261323,1.2677037172743797,0.1439959281629985,0.1664580144646281,-0.3120065810988089,1
-2.667534657152361,0.217878132154421,0.9807981460488562,0.0596788670332174,1.424680461728184,-0.0587268903355235,0.3361040387297205,0.4341518120275667,0
1.1785171547877231,1.0478648351342983,-0.3665336183079873,-1.4733855521616803,-0.3024607859522981,-0.5271780340524699,-0.1030064332785836,0.4344680000587083,1
2.6900078521620108,1.0603627698673894,-0.6855825922402593,-0.2344001689718837,0.8912270901008174,0.2228868515893651,-0.58091357569508,0.0686260108097055,1
-0.1111229780890384,0.8863172976136507,0.9215489695292448,0.0889650290007913,-0.2170945072853468,-1.1098568882507895,0.4049213027453804,-0.6126212949730152,1
-1.2031526309013614,2.1183015801740326,0.2566939511216424,-0.942062983911873,1.00837493904974,0.5193482403138504,0.7934832535476883,-1.361955659944602,1
0.2410528337760661,-0.2375645140561417,-0.0389440748135034,1.0122316580153263,0.8139987807115049,-0.1617499605429134,-0.4665961565954474,-0.4063816284089078,0
-0.2052345445161524,0.3939669051054428,0.4678057749888882,0.1370120469844347,0.4126655839667037,0.0997364554503916,-1.0867965734018863,2.5328811684606447,0
0.9372657090909744,0.3964450881730968,-1.7706501945744653,0.3174225903652632,0.1680128093732117,0.3293070974220541,-0.3752234298164384,-0.2163118320654685,1
0.2978888941441273,0.2683166996776405,-0.684664339229495,2.6846478248927603,0.7174081186824616,1.6758985444911911,0.9531879448184672,0.9267117656854064,0
3.05055607186217,0.8103492432078422,0.0355268442035939,-0.9431853783698452,0.2094278746035614,-0.3112455212504814,0.9188748357051773,0.961544990768792,1
-1.888627753441652,-1.9238882345322317,0.3171398948731331,-0.5478820107268296,-0.881444338430581,1.4932817512057952,-0.4004591859219255,-0.4045856604596254,0
1.1810404746935776,1.8327288937143416,-0.084436834326079,-0.0233599475939016,-1.412895636027035,-0.5231229773640049,0.061651930732597,-1.2006712527806136,1
3.0700279337378262,-0.0278899360261877,0.0347270856790497,-0.403356396882938,1.1165409364712502,-0.598606062888057,0.5571321218324308,0.6475061344882487,1
0.3351439144198629,0.0523121939729816,0.6859503731799339,1.7670394466196542,0.305700188711566,-0.218176738634318,0.6293781732160334,-0.1139636926512585,1
-0.1882162915049131,0.0477561592698482,1.2014981263304314,-0.0244485496081386,1.279057794131757,-0.7796449160470992,0.6705017720360498,-0.7695722625021363,0
3.501327927884589,-0.4024362068566081,0.0709516652373048,1.73530228857066,2.070694557450742,-0.2855804823984147,-0.1523091913044289,-0.3156250719783937,1
0.1087293759926838,0.6882392020426247,0.4545833463739575,2.1105997609412768,-0.1999892505924731,-0.6770727400125595,0.6435150284703529,0.2763334413268922,1
-0.9737767815599184,-1.8104041191711957,-0.8099342182191775,0.3721875862103711,-1.1222303572444576,-0.5615286714551386,0.1815215939319588,-0.2141877399386121,0
1.0224598372917857,-0.4564007520097298,1.646827350757749,-1.7199849126607616,-1.5665806103956017,0.3893498495080738,-0.1631681957901867,-1.248353868241303,1
2.974972452679377,1.1404038220952166,-0.931268789475976,-0.9550911216948852,-1.1205279468996747,-0.591862929448618,-0.9051098675302052,0.400497132429595,1
0.3580132550535672,-0.0618554302298018,-0.0707441872113633,-2.111466563800706,0.2028336876505796,-0.9012436018789424,0.403697538763346,-0.648154225948328,1
-1.7824496487973842,1.0152667678870977,-0.1203784631482254,-1.1680932839404652,0.8581025206485359,0.4611532637290324,1.253512776457453,-0.1432988449004318,1
-0.5376429594438508,-3.215200198386984,-1.0035129136933532,0.0910713023358267,0.9775402526344094,-0.533015586868209,-0.2252025562013372,-0.4170561557371771,0
2.532379725976934,0.782403129018123,-0.3069867868660765,-0.0951112022558964,1.05198050199267,-0.1295549061247301,-0.0642433762045061,0.2200436369495749,1
-0.5336518284003187,-1.805903231285628,-1.0394578295851706,0.0885374110785307,0.6654601882170138,-0.2321842677773818,0.5383166965924092,0.2647380470670266,0
-1.7233583140190245,-0.0317317098090624,0.778756808882346,0.937454773236066,1.3878878852605037,-0.1355614046101806,-0.2576760374983416,0.0924595183838601,0
1.660075226553156,0.2366667366911778,-0.3853825917125046,-1.045225690376741,1.108852995396019,0.363022257194558,-0.5988963565662941,-0.3007246212180727,1
0.6843049519476303,1.971561782995779,-0.957711265385332,0.9217340739948094,1.1908221341619143,1.229114650389256,0.1374418648320115,0.8824855131607994,0
-0.4874156078564519,-0.9281043404382396,-1.552239245288331,0.7711145118706948,0.4673999897694342,0.810871643572364,0.3663255695755089,-1.0505052293165649,0
-2.166997428608958,-0.4400474088818517,0.1724420236688948,-0.4747862713456921,2.4016636178447293,-0.1389815509888623,0.2263227034992473,-0.0448603839951771,0
2.360500641129041,-1.6911576468992573,2.406570221993184,0.2238418329593953,0.8139929617537561,1.3871608203076125,-0.6081102278535869,-0.1418978408190021,1
-2.28984760518342,-0.2213522322593217,-0.0287705272333492,-0.4639045690247477,0.3598639121118938,-1.1181387944811805,-1.3470609776624798,0.3366451094230676,0
-2.112837857185698,0.0423865331585273,0.5771611782313627,-0.2255241192535243,1.526905294076109,0.1463894782183871,0.751957446423162,-0.0522988962405598,0
-1.589935163702325,-0.1772135097277998,0.197974282795206,-0.34681070233384,1.2586795926983687,0.099231217042933,0.0740839888817107,-0.2122949184879625,0
-1.4582634626294058,-1.0393733139332109,-1.115623127266974,-0.1412064668461773,0.4782927397345432,0.7694115754330036,1.153424572707082,-0.7421676472229976,0
-1.499889182051244,-1.0573775781780483,-1.0260796644998342,0.2460673742841193,0.5134821205312935,0.441898705949858,0.3108091731818947,-0.2509179225632227,0
0.0029653220168957,-0.7193695516588715,-0.8275798742236942,-0.2062068181202831,0.8114403346621348,-0.1034178651540044,-0.9142853607486938,-1.2260389066252522,0
4.130709857098793,-0.71969891108285,0.5356440500290591,2.6761856092825638,-0.7443865106385885,-1.1632589845175632,3.4478720372658977,0.0623947269646388,1
1.525209725026,0.3345811973245514,0.8168554922765521,-0.5961124901951445,-1.3767342846447883,-1.99251524936225,0.5922013010197098,0.141245141766871,0
-2.2497673149404998,1.3025532511719236,-0.7207280008894572,1.4919146242931716,-1.1971068237587956,0.7267490418130729,1.0484073564111922,-0.0951958309129535,0
-1.6441800670948106,-1.7717545960364334,-0.7338583791077586,-0.0483610562538797,0.3563628881172367,0.130881181550012,0.3904038566885757,-0.3927670204386194,0
0.1407443828189484,1.3318003251508133,-0.2930895463205702,-1.89976897839578,0.1885900332433215,-0.2055642440700045,0.1003148619796316,0.3820055079431024,1
1.7654138489386806,1.2294220818672192,-0.5294548045338779,-0.7332395170982018,0.8438716522748924,0.2857503024620554,-0.4348451416611336,-0.0334262994016037,1
1.7932458695816111,-1.3532612298890945,-0.2357007135553728,0.4547083521841521,0.2949862209706419,-0.8526189564579306,1.929061536360264,-0.6795831336580219,1
-1.5852541369997075,0.3889524905325902,0.8279901018031721,-0.0665381557897124,-0.9305872302372032,-0.9114388745394224,0.2120458827174244,0.9098436606367972,0
-1.9832945385953389,0.5058495291885644,-0.0498285741783505,-0.7669192353423617,1.3096197965619405,0.4375897325893633,0.9365413361264492,-0.5661792607934673,0
-2.066199966798357,0.4883247297676926,-0.369750966374371,-0.9382291543878244,1.6669197424887336,0.3670650440845488,0.553364251728763,-0.5725509296880537,0
-3.2141367540504886,1.1261698777195892,1.257921487503321,0.5585637520570672,1.227930376645864,0.1758828657533896,-0.0169147871871688,0.9837628756786196,0
-0.9713148672251088,-1.7391482485516947,-1.5563150038480524,-0.984165801432266,0.5731458337173493,0.133861923054001,0.6534164495138054,-0.4705593753753743,0
-0.3434640425775492,-2.448483816323797,-0.0945478230981419,-1.2914645475274829,-1.3542511006637277,1.7723545876694546,-1.125117753146819,-0.5608334376944991,0
1.138276062861448,1.539651257254846,0.8139187672957945,-0.2879549871626133,-1.3650035379076542,-1.453550477199513,1.0197627042237325,0.3418641674828734,1
-1.4441992683421585,0.6545948872192525,0.2017041171432015,-0.9690667025518932,0.1433545058544198,-1.4252266168216357,-1.8603240313042224,-0.5954299773260945,0
0.3331964308259923,1.3835284409899604,0.3103373292367802,-1.5837045934278275,-0.601105148295932,-0.0656874792609033,0.7984244735987162,0.3747654818441452,1
0.4389189514828236,0.3433387356443384,0.7317854361115679,-0.1739909599927565,0.5931092797990418,-0.6346126855920927,-0.0588560483850279,-0.96377776969146,1
2.5160172549501523,1.4114121527932166,-0.5303462936371933,0.1099054192472622,-0.3201845680133199,-0.738961763010967,-0.2764028985533437,0.470980714171928,1
-0.1206991898097661,2.410219878155516,-0.1016332745626318,0.3826492035759229,-0.0480607022863751,-0.1324337530725477,0.1865589844227446,-1.3509360943189743,1
1.5559472393628146,-0.9713568795642552,-1.3531813168530027,0.260151709346524,1.2680442300852586,0.517698365828714,-0.151770575019868,-0.495130160734323,1
1.294963006497912,-0.2760763296515508,0.6461150597156093,-0.6486311073562431,0.2638552381605016,2.587741720767869,-0.4440334503550099,0.597639069380043,1
-1.805430262152546,0.7502863146232444,1.7630585560979677,0.9667811129694656,1.0094289587627665,-0.5748687603768157,-0.5228148458925723,-0.0681814779298553,0
1.987807732971064,-0.6825938190008618,-0.2835595693864579,0.5277827954003841,1.438493807970884,2.4259118134635638,-0.4324226206401082,-0.2507004836183318,1
1.3087441605922785,-0.4313384192316361,-1.06425776284092,0.5258577417987951,-1.8065149905536444,-0.8199035737442458,-0.7793290754969833,-1.012857763466576,1
-0.9674656005467416,1.5766097023917238,0.8713590497644939,0.9450317175390456,-0.4377423734606412,-0.3873855928016273,-0.6282539505744171,-0.44143624965564,0
-1.2350119773173485,-1.0545823656656694,1.9974474184628055,-0.7464591971585259,0.0159297118857596,1.8619852084976225,-0.0864505434727625,-0.5237680085018838,0
-2.3035092484439468,0.7743509596802958,-0.71505865843012,0.7625727601163318,-0.2591691462084038,0.617290082885031,2.4583568338222914,0.0143042668389151,0
2.903365267967488,-1.2318096842534911,0.9474033506821876,-2.932665463112962,0.2962418034689065,0.8353056585964023,-0.3803016967128118,0.7713584548690611,1
2.3084901393236543,-0.0481232674189536,0.1690299592877047,0.2239605023519118,0.3167967987787171,-0.9465964419003708,0.1562691065291994,-1.2461129162140054,1
1.0603286065109336,0.1040759449879553,1.3432391879682566,-2.674100571696284,0.7008099133424135,1.988519899469904,0.2340485830497689,0.4149435452214038,1
2.9836203362714637,-2.8084102847394607,-0.8627822496891229,-0.0690069755445249,1.1005131248959508,-2.0786935396687003,1.2109769687254943,-0.2220762217320949,1
-0.2602940789561272,1.9609955805937895,-0.9456535960648882,0.4526637235411786,-0.4230576628835166,0.5900322097322765,-1.241717550108999,1.0791301104473812,0
3.869111790849488,2.066318461418948,-0.2458179341861804,2.671677812087501,-0.4294665639689521,-0.2581645407595382,-0.0496084404543133,0.1619367730629851,1
-0.2920984505752765,-2.2319119043332445,2.68605939012326,0.5583808751975318,0.1582550537454729,0.4159724181040249,-1.2485184751366427,0.6407186775366481,1
-1.863567321051068,-0.6916836718553944,-0.2282771839046109,1.7106238917883274,0.8856927095084489,0.3882547333304625,0.4335360923946233,0.1657205513886164,0
4.574158771948555,-2.5050967826296127,1.3781445760465074,1.7059296873044714,0.4119336585138002,1.528525876402423,1.7449364604357371,0.4346887075907361,1
2.133325806711439,2.12047348888472,-0.7577867167771699,-0.0906317703507547,-0.4774586176042108,-0.2494684729555602,-0.4659775960296149,0.3805141705207402,1
-2.745800585524777,1.0096282133418373,0.4814797400812214,-0.0364264227511694,-0.1873899143855017,-0.4143896498862731,-0.3387769111518872,0.4924194593296924,0
-1.6915149074602245,-0.4115488458356008,-1.3675986829024054,-0.3267659102404198,-1.4071403450994384,0.2401326233831842,0.6852641323837976,-0.710186599749756,0
0.0394754636824549,0.5952472251536454,0.3225671279914676,0.108916962234508,1.0790958507815704,-0.376454450891542,-0.8111113018180431,-1.3785136770924864,0
-0.434858442463054,2.217964465655033,-0.3970849081731032,-1.7959006835225682,-0.28269117365679,-0.1644281713554239,-0.9170624487212972,0.786929581032412,0
-3.406343092154231,1.0036189360228007,1.2106522656811638,0.3082472220472689,2.0472493446674025,0.2898102303819032,1.0935585668638887,0.7106709370659311,0
-0.9448978846245548,0.091843309291939,-0.3493110952236604,-1.0168193210643768,1.968312017142096,0.863697960661322,0.5650981983273049,0.7562538206379558,0
-1.9980224000960336,0.4482992450436971,-0.942768137417098,1.2569201715690932,-0.68001158986687,0.4755589644452603,0.5588872940648822,-0.2189127899714184,0
-0.9612149780755748,-1.3219320756783115,-0.3362144453183429,1.861177433687749,0.4989776883882389,0.0056932641059645,0.0396832128417805,0.0964248515829,0
3.058767314585392,1.4233073237013074,0.0540049206988346,1.608297098768264,-1.1798906851903264,-0.0278953202496746,-0.2855563773780584,-0.4306437160775218,1
1.4548330021348956,-0.1348852913185633,0.3368308106403985,0.2154880242588656,0.1374457492457855,-1.1672160991419955,-1.820653843855934,-0.6582346648578781,1
0.7561227346069482,3.2136442068352533,-0.4545858834791303,0.4307847517594399,0.2065615924247575,0.7785889734986431,0.07610293229938,0.1119038217009001,1
-0.1720658586840238,-0.4338539127742878,1.6764187595861133,0.8606380997886108,0.548907471866892,1.677508238620524,-0.2475901102350966,-0.3551140606083713,0
-1.267021082166721,0.3230248925651243,0.3337539419842619,-0.2850337491211222,-0.3343414278658315,-0.0723529898958839,-0.789237683076622,1.658980702031842,0
-0.1490458057513247,-1.3435457315052788,2.0082458713686098,1.0535590358255498,1.4451436100493218,-1.4174146980998037,-0.9443329318201888,-0.4436469038868361,1
-2.4648782002995486,-0.1287276622564687,2.2840791803005827,-0.4501443741851453,-0.9853463719746915,1.2285539697973604,-0.465598912237175,0.2286419861456352,0
1.6535402058497868,0.6936325012627295,-0.5205863550124965,0.0852181916573386,-0.0002623064722132,-0.7339253736776349,-1.943377292606648,0.1252938257437897,1
0.6536574013531454,1.3277359385179957,-0.2036006000762782,-0.2289464618050024,1.201076925094002,0.3549164542071328,-1.2832318631282706,-0.0243516497286282,0
-2.1216813331011584,1.1467403139527668,-0.4472990912108692,-0.6112932088698408,-0.3791885934793486,-0.173922856404661,-0.670217084523986,-0.1225383917071117,1
2.703228410530821,-1.7352569481154785,2.096221890843888,-1.399076439469395,-0.129379967952536,0.5634680047348376,0.7418132133076523,-0.8362916021234772,1
-2.725368804185061,1.2148932705764488,-0.1450469368605546,-0.5370461105312133,0.2728016718360658,-0.2117684936306423,-0.0556972052282425,0.0712732622090842,0
-2.2030163513177645,-0.4759041812836653,0.3260981608392627,-0.2859102624042799,1.8269344162588164,-0.3931962814901298,-0.7344864214033612,0.2716083702950025,0
-1.706494855465828,-1.0519309169597049,-1.8078299058496,-1.019865249998113,-0.9030280654392648,-0.6609795168442752,-0.7143641158467209,0.0414243120936484,0
-0.5871947011235851,-0.8411021259182492,3.1871511352631416,0.8238371328099939,0.0266039956636845,-0.0933864899984591,-1.3284673410950247,-0.2359582660095606,0
-0.6706031384743061,0.2518426684630063,-2.231516140396953,0.713128274438608,0.4737258026676006,1.2427532499842635,-0.2056307810852078,-1.003315525592159,0
0.8323296983691292,-3.310791173240765,-2.180317581537983,-0.2910221244506514,2.669086961036036,-1.856107496567454,-2.820680063668933,-1.591870919911861,0
2.004676458602612,-0.1298923143634555,0.1258510947045095,-0.4786427052694518,1.645749531469976,-0.0034174725125005,0.2781164835003592,0.021690847312376,1
3.0141635326990808,0.4572030949295579,-1.318827405813172,0.976386998996028,-0.0671655497363776,0.7775083337356108,-1.1036176706827874,0.4193608631628754,1
2.6392243184043105,-1.5902773705927102,-0.7865496393733996,-0.7770887963206435,-0.3286752100493944,-1.2620798133981064,-0.1435300199176541,0.0923318234094472,1
0.3064540143150506,0.9751260200218228,-0.2196160233187178,-0.939694294211976,1.050774296293852,-0.4640432459299602,0.0759802893440953,0.2839808392801602,1
0.1135095999956969,-0.4240301937354089,0.1771467854199712,-2.3598322183802387,1.154907489184943,-1.1273703775748871,0.5759910169505859,-0.8097263038792907,1
1.304290274295628,-0.6034310490976427,0.5152682037014626,-0.8298513463105512,1.1263486219826064,-1.2578405431643525,0.8845101675855507,-0.8789266929482624,1
0.0927417950714621,0.1038471457183347,0.1841920500701357,-1.3511154590009626,-0.8057870379404962,-1.7699402264272412,-0.8454543113588309,-0.6571697429053002,0
-1.7275060824221538,1.4221056276793345,2.112665863646178,-0.9515010757448494,-1.0707874266028936,1.1566618959921746,-1.2837019211518734,-0.6430229494026287,0
1.197168991423151,-1.584951678596285,-0.8038917257557366,-2.9579954547764755,0.2640587766363108,-0.58085590938716,-0.0181908860607574,1.4535785583563954,1
-1.1644730915071175,0.2860519483311882,-1.1882877529467204,1.4743850144594632,-1.1928260834719968,0.0799103709264006,0.1174425123677032,-0.1961446109914563,0
-0.0742010039166345,-0.2839989534968873,-2.1885765485416147,0.6752925340870412,-0.2468514030815574,0.8957363904267012,-0.4887939168320662,-1.150185909433352,0
-1.443640856359637,-0.4246313466305477,1.6528134800064245,-1.8116480822253311,-1.012133727144232,0.8845046137955711,0.2640766681152109,0.5514177964303398,0
-0.1873155514987992,1.5595699301425014,-0.0192985989131564,-1.3264358228832056,-0.0250276733823069,0.1219338297948203,0.1510663040927346,-0.0183305840641957,0
-0.7201687004588112,-2.11893692255594,0.4865830119018899,-0.8528752052406107,0.2844518962247422,2.299283616327522,-0.7409478991138209,1.635927502924167,0
-0.319956035899923,1.5845703764468608,-0.4404816582137617,-1.3485146013524467,2.510922379696311,0.8480168790959062,0.0254493821001067,0.0156790769475432,1
-2.0170307320032843,0.9084589974024356,-0.698782818967407,1.6122625262979315,-1.6102816494051997,0.5905045288766417,-0.1932416818255447,0.0963370690188372,0
3.138118861941014,-0.0923208725823632,0.251345872993248,0.4929917225297396,-0.8168825913821172,-1.187559851184444,-0.7973729781118273,0.6468536673496081,1
1.0825470169934632,0.965517065458567,-0.3311537520013362,-1.1804053149715483,0.8953035502632629,0.8362044198135723,-0.3979614395083407,-0.3400071099888143,0
0.3748562076387581,-1.0942853723192985,-1.2846060880883752,0.8082870593505952,-0.6208772148968715,0.8934285432883604,0.6358155925655944,0.4081608796923363,1
0.1339006732123865,-2.628979096086957,-1.8736214791541612,0.543430162905897,1.3924847853835471,-0.2210652950395102,-0.3817726259678147,-1.0763602409563713,0
2.093385731238589,-0.2348722896389662,0.5406478196458541,-0.1297199936360862,-0.169782002932185,-0.8233843553476206,1.0815858313695366,-0.6835189891955038,1
2.788011123597854,0.7704221215016989,-0.6176277210981947,-0.3460535002538083,-0.660706858765201,-0.2173228280190424,-0.8269068975746977,-0.023638776212009,1
0.3498706600392379,0.5307001562380689,1.4096882867905909,-3.0168193115017705,-1.7117558908840194,0.5911183998455728,0.3786078550876279,-0.4648041151970618,0
2.5527011822445367,1.3354979429402298,-0.3094568732264474,0.1809241881640829,0.1033814260624088,0.674614800340144,0.1267222615846635,0.2896639627832295,1
-1.1208284245932978,0.1612008820518979,-0.1448102515084814,-0.3598863712815369,0.3795927856669118,-1.1165245616574888,0.1649901134854469,0.6688202231046512,0
-0.5880752590347447,-1.414880583462801,2.0206955138952982,-2.208598408017309,-0.1596182811337101,0.9982152257120296,0.8599707978589529,0.7480007074864045,0
-0.0813227163184883,0.7717392660865963,0.0827235508930313,-0.1465032903274212,1.7340329775435657,-0.152483628197173,0.0872774421291019,-1.6678728366640816,1
2.3498172873699144,-1.6366760832345484,-1.783923703424894,-0.7087998323616378,1.8039050580292648,-0.4943311161482794,-0.0742346496978445,0.4440639617261557,1
-1.7193079544019658,-0.7221366870496468,1.732950691731981,-0.0451898793848594,1.168986291917741,-1.104941223860728,0.8467120979151526,1.835390731159377,0
2.07227530233917,-1.0057336608324243,2.265157099703634,3.57440564730622,1.2696285267181189,-1.7984510802033966,-0.3822225145277125,-0.0885494971451625,0
-0.9504052047793276,-2.3933622305268454,-1.1166601955382287,-0.2886288512030192,0.8771323386250992,0.1986567615704008,0.8097021235557335,-0.8556593701936631,1
-1.745796030617798,-1.3869823569013224,0.1819094571089711,-0.3166279307576677,-1.796531622193136,-0.9690629498731674,1.1980239171813027,1.112665463883889,0
-0.5458659476698228,1.1856321333506463,2.2146098901134965,0.9546449341048624,0.0814734592628532,1.2053688551340402,-0.3000169118783624,-1.2946675908679142,0
2.0261642470090524,-0.5212176548770838,0.8232452692252274,-0.826814742893966,-1.3729788824588096,-1.2819075944582357,-0.5176464321085341,1.7547673306746785,1
-0.7389318567335841,-1.7827698410012882,2.437397923937222,-0.4503144986669218,1.9643839128997171,-1.6292037421931502,1.2518369606220776,-0.0053133172579601,1
2.2404183796070294,-0.926362358719126,1.0219992483997966,-0.5976923420389563,-0.0708653554904017,-1.853509897578579,0.6292077451310204,-0.0737803441632235,1
-2.092209793697004,0.9057655563461626,0.261650889464972,-0.2685043897964441,-0.6066714883755209,-0.1666715213331977,0.2290999342073222,-0.0424769331433077,0
3.6170558270750703,0.8573950092305386,-0.305377458149441,-0.3138041441214858,-0.2451081353484145,-1.3177998336071073,0.7002844136431635,1.4518191666665192,1
1.970350450822006,-2.2523684486246016,-0.2574929159006841,-0.5406612191877893,-2.6801179586584127,0.9348214311092476,0.2839787412341628,0.0398118916505341,1
0.3653980345765009,-0.9990539153225936,-1.2852214746713375,1.4059006331849382,-0.9228578479008138,0.4269695594395832,-0.5512887229189217,-0.7090516495452309,0
1.820947042812284,-0.104043687112301,-1.6219351955829515,-1.3347028328546875,0.2473727877425802,0.2112952509312089,-1.2139810538493168,0.8751205503919873,1
0.259453051088217,-2.4743416543502166,2.849687448843015,0.4936920241813013,-0.8568656953889007,0.8606887422219414,-1.4047900719044206,0.2813717327335838,0
-0.2220308086197306,-0.0907899046816571,-1.5999708658564575,0.7348166668582781,1.0807936222740455,1.8251958372276105,0.7462412232743715,0.4641647528169971,0
-2.2547742495807435,-0.3118792241081658,-0.7147944924719726,0.7332917372706036,-0.7733851866376954,-0.3530446369559656,-0.1140194544184252,0.5136944901112425,0
-1.0389967366296742,-1.5944401589499293,1.044180391615475,0.3676313542671232,0.5603059898692407,-0.7531083784233653,-1.3543393835860995,0.4437866032755002,1
-1.7688882970035171,-0.4447705233310687,-1.7179751180924998,-0.4676212419107452,0.596390251148855,0.8657627166445786,0.4856017872202851,-0.7729517152497077,0
-0.0469080864423312,-2.232084329186789,-1.4631722219470382,-0.4373746209335946,-0.054966483859452,0.2280129676648022,0.3563735776967971,0.5978513798915042,0
-0.6291377974681482,0.3765846215087124,3.1656494760469425,-1.039442547642314,-1.752810641131262,0.9212564410135302,1.1432645850048593,-0.5996803486400131,0
-0.3084869935931175,-1.2477160004479162,-0.9351237253443404,-0.4855316624398809,-0.7759846207772622,-1.0025465938054503,-0.8448095224467536,-1.219742244301823,0
-1.422434826823486,2.233479573942052,-0.0577083215489473,-1.1191642221501683,-0.0581025657655788,-0.1959984108392644,0.2889117708086173,-1.2589777613779665,0
1.896726182414091,0.1820123187229367,-0.0968009632586346,-1.7472583264402886,1.6304982489123832,-0.2233023693035181,0.7068016656640561,0.8006435656611912,1
3.082805018687936,0.6688274801691234,-0.2557348504534349,-0.3891378356682158,0.7775662229149767,-0.3529717147727989,0.295349985885627,0.6462606356175564,1
1.584858051545916,1.4078282997431888,0.0196325244889733,0.2310555492191266,1.0467866286282963,0.9310893817321082,0.1384168173329372,-0.3326486286908988,1
-1.9783302045334572,-0.0318921144747372,0.2898320867824607,-0.222985921486753,-0.4195819133472666,-0.8290076488917114,-1.0142444791968357,0.2639350665779596,0
0.5234018848309023,-0.6139304249073287,-1.529831171038608,1.0149074612475082,-0.7039463376551239,0.6729390194265463,0.5010519497297589,0.5969636576548878,1
-2.9279308502696897,0.6108693943176436,-0.9423460301542184,0.2853630233795332,-0.4026146984052491,0.4935632752339782,0.8937767112143048,0.1119085640446932,0
-0.1286437639804367,2.321071842060665,1.232052122020502,2.011708895023771,0.9837030046768488,-0.8729863894259365,-0.4994930371927423,1.9885908882437275,1
-0.8779792956104404,0.8305708212383931,0.4749587888033563,1.4526519240997209,1.3294753190001842,0.2238960844891696,0.7586572105070039,-0.0022383864378374,0
2.1497966316204056,-1.806655156930261,1.315710710556072,-0.4813441212978126,-1.5203539610830672,1.3708813002399116,1.5131869510662206,0.3631392729982308,1
-1.4596718761540282,0.9050229950579394,-0.5687052645484282,-1.36628528826294,-0.7312714309383863,-0.2785005306837453,0.3587800475941763,-0.1955494076806627,1
-0.3417371510224314,0.7661190409347893,1.6962138295708564,1.512390773618393,0.6657995113445152,-0.9930189134235252,-0.7930417625344774,-0.1306123139394976,0
-3.13425360393231,0.4526302857159135,-0.722367639521764,0.381253959581693,-0.9013330868110092,0.1063278939334309,-0.009089425119961,0.4360854740741167,0
-0.2473334471416039,-0.2054806411414785,-1.6442407735336515,0.6249904203892628,1.0929849856520228,1.8014248787481792,0.6292358595983862,0.412253367049781,0
1.189011878773866,-1.4251583226222089,-1.851001112860903,0.1952742772091516,-1.6677167090791178,-0.7964112939256559,0.2767738166313316,-0.0986361377097986,0
-1.3363860481533991,-0.7518899073182589,-0.0649880679334849,-0.9260323305387642,1.3058359271003557,-0.0855415552274042,0.4994531394724584,-0.7448206560707283,0
-1.8218903883866395,0.0676892629990677,-1.6106593275850665,-0.3020559019021706,1.563299112849335,1.4057188482940095,0.0600558229694579,1.21853994941933,0
-2.0746478154967853,-0.8704866173947263,-1.3232565511672782,-0.2597241089946778,0.6088019296125143,0.403764223347448,-0.1122180960621801,-0.3506267452062487,0
-3.2907930580439486,1.202932821627923,-1.2403136884785038,0.034510034248679,-0.6047313642881433,0.5824449696260676,0.5756776601256781,0.0851703370317941,0
2.879511592545001,1.3875627020505554,-0.9710206319948004,-0.7809080383764759,-0.7066581551823201,-0.4763020655046663,-0.7448075001196962,0.5348150262971049,1
0.7307201563020118,-0.2902193433725553,-2.0476757376151373,-0.2659968586752101,-0.9984409357408408,0.023717185776413,0.4903515882146517,1.4214435878161913,1
-3.485473049504077,0.6620455311998195,-0.2865951392798865,0.8890890473674431,-0.0682082012850807,0.0994560638362013,0.9692005870612004,0.8156171733437931,0
-1.6610001622120687,1.5650782129289942,-0.6875246390289096,-0.7214317783408137,-0.7409801123422363,0.2949816894151392,0.0684038667189787,-0.5632859297780117,0
-1.2834672084020569,-2.1703992791158577,-0.6104273767360076,-0.4494578107335354,-1.0799635256472744,-0.8956086244994627,0.6350618196758466,0.1191367480049031,0
1.012330727079663,1.2055886400422178,-1.2555540979707112,-0.5799071023456462,0.0380481881935654,1.3904633865163936,-0.6976067704621761,0.5294703352648227,1
0.4727921953235417,0.3837149184503672,-1.036099204325447,-1.683292226597795,-0.0388709830562559,0.8204672797171265,-0.4675295766960694,0.740263162879498,1
-1.4169092501086882,-0.6890504250220074,-0.4425624009340937,1.3078829233195746,0.3079139723764323,0.7620031120591442,0.959685193500868,-0.4541062093747509,0
2.1827771879947417,-1.7113369604681137,-1.6065391366167516,1.8610753931719728,0.5646107500197439,0.4382667590377679,0.4756213378031566,0.7814931820774329,1
-0.121801580375596,0.6707567879527989,0.418531043859549,-1.1687559992248204,-0.8101019249566858,-0.1789659954806579,1.3139347902937906,1.0362887517115171,1
0.2720484164502874,-1.8419859488858703,-1.4772739923060765,-0.6489660469989118,-0.5442280316479308,0.2627699563474759,-1.542350903614614,1.4674714109239153,0
-1.5870284967761428,-1.0964059439956124,-0.1555971327236543,0.1011707940535896,-1.2685808781997054,-0.2384786730153755,1.634663259057909,0.3396162580477672,0
2.5355953926150807,0.2631603101993893,-1.1445195313187655,-0.0592047410144559,0.6693707469997733,0.1659567072394283,-0.062941220185046,1.4426087071091236,1
3.195460849353151,0.284788948180273,0.6199924838891788,0.4834112903974242,0.5123576816892277,2.457228958072532,-1.82108884218036,-0.9905000257830716,1
-0.3135578763050992,1.1061785684234513,-0.0611208700635355,-0.8943500404468571,1.3007759081257413,-0.045479048424741,0.1474710201683734,-1.402261927085189,1
-1.9151932548865376,-0.7349989505427423,-0.6407725910116228,1.359102658204471,-0.4777949124804142,-0.2105653100164526,-0.3764595327610301,0.0884056008088059,0
-2.551264203151393,0.5025532037539162,0.0321310098275763,-0.277359886650219,0.3593833605373397,-0.671452213092986,-1.0152443962256803,0.4268878617071779,0
-2.6197546807227643,1.2858909659162914,0.0706772680851033,-0.1401844718896842,-0.2339458719729444,-0.2918906856174657,-0.8476018390648837,0.434617777223081,0
-2.7752989961424404,-0.5994273171488066,-0.9397355496177552,0.3044911334529636,0.0514601700209572,-0.2844341732783029,-0.4059744464152667,0.4251844914778042,0
-1.94955069711539,-0.4365299706174984,-1.543549356332458,-0.3054182275672163,-0.4360886844508908,0.2433986128471786,0.6841187196903566,-0.5676745713439243,0
0.1895154100433421,-0.3801656581448533,1.1205924377423624,1.1933032724025372,-1.3903347542691091,-1.9161955018823933,-0.4706181854602178,1.5974391882117431,1
-0.7745944800446616,-0.6564396903697777,-0.0332118536658984,-0.2576405557561775,-3.1273241671710323,2.3411346755886737,-1.0126435319927822,-0.7117252796430874,0
1.2125215708162749,0.528088273641063,-1.3891889324201248,0.2995873237087603,-2.105704371674729,-0.020642609432722,-1.750210923421743,-1.2624168366078936,1
-0.5587348285207141,1.4181717248279084,-0.3176447072677851,-1.9054004952796373,-0.7743511716114435,-0.8731198444140296,-0.1909881532084545,-1.1023492155811483,1
1.0713928257102612,0.9901931213180282,-1.4568497679955688,-0.3947568178111022,0.9862199908654768,1.034528968767634,-0.7421387978385984,0.7725389360708842,1
-0.1192999615826581,1.1767087095407256,0.4918272831433731,-1.6028554122407137,-0.6517163682440702,-1.2071064698207374,1.3904911073264423,-0.3550394132437645,1
-1.0953230389948985,-1.0495131669723614,1.9795969812732304,-0.5549861063046664,-0.5800962818624735,1.670408885063262,-1.275943449462538,-0.2401623491470987,0
1.218017200868993,2.2582250917538285,-0.8515701495454542,0.0690094257426116,-0.7481664365050458,0.4536238674238632,-0.8290224147857295,-0.0467501118181292,0
1.943742602395424,0.8765978005787107,0.167992989147736,0.3036632475326506,-1.2956321345491373,-0.9129322021816444,0.212944228898146,-1.167323624221839,1
2.132134184296892,0.9734292066668692,-0.8747416838099145,-1.0219743855400814,-0.9179518496490384,-0.1569145932012962,-1.321131255000473,-0.2495528419230669,0
-1.6348718806151588,-1.1719108948761563,-1.3185383340610717,0.0251854724625164,0.8753288422426846,0.2511036696134232,-0.0682734988103596,-0.2527579101435696,0
-1.3059523668542845,0.9567674876541804,-0.7162229897410621,0.304111160968996,0.7268880198583241,-0.3008174371343516,0.0338943016056706,-0.5166732038227175,0
-2.2604059493370263,0.5422707545003821,-0.8881918642228642,1.1866507093710148,-0.5825877894193416,0.5181123799771514,0.6706732455046178,-0.2056132455391854,0
-0.5649922010735773,-0.632536478916324,-1.757956767476016,-1.3716342916918558,-2.2988676866932134,-0.3615597080184828,0.5646939036074398,-0.04898529571973,0
0.4848228771248022,-1.4511108302396656,-0.9499185949100716,1.4147918156132837,-1.893901314134264,0.0438316453120253,-0.3902230499259152,-0.7568843510731068,0
-0.7853395118910358,-1.669094170006198,0.8456056733461683,-0.0782800948560513,0.1949877332290209,-0.669288314372331,-0.768401024701424,-0.0804518158281335,0
-0.9155434912301932,0.6096419557148965,0.5902482167147056,-0.5460354907099387,-0.4526713326009728,-1.3162253014030427,-1.4132723346998006,-0.5801979865576333,1
-1.3222542475875032,0.1257986011124522,-1.2118458232390428,0.7143458144725939,-0.9509802278558156,0.1230296869826057,0.3705515710662351,0.0936043523021025,0
-0.7693249410994142,-3.2443002063273108,0.8466186783345984,-1.1481853875560346,-0.3089977204544795,1.0628334235818673,-0.3991717438865534,0.5780120826810943,1
-2.1805026770162983,-1.5948876050711909,0.3262216046511166,1.1871379155050978,-0.9523901451560473,-0.979390967184746,-0.1022968389876054,0.8978684087478287,0
-2.4218654933052712,1.120860794605001,0.0173888892574362,-0.3966270115477436,-0.1173651687387097,-0.1566384889387622,0.0625972881169402,0.0237455064017347,0
2.370693487726675,0.7437179624977613,-0.2652059277513742,1.0166448910265642,-0.0800863837050593,0.6544520965262702,0.8571389620184218,1.1682000689613692,1
1.292316988372339,1.457190336842515,-0.9382240571163836,0.2364977768562214,0.8032118734657514,0.1343645786521772,-0.768540577400248,0.1612748432657953,1
1.0972674969109153,0.2377485540208221,1.852353822045537,0.1202701287842668,-1.7503874447986238,0.6763246134832271,-0.5981440556282551,-0.6461832881725692,1
-1.4434596830343178,1.2989358949013363,0.8226538064671248,-0.6977379027737551,0.6105494961137394,-0.4463508202463467,1.4487048274338756,-1.0683870289668371,1
-2.138712376851217,1.4171273540989089,0.2465135587335886,-0.0773026509229697,-0.6027652015269735,0.1490471308877266,0.3981309401198641,0.0307931285742298,0
1.7980657557484157,0.6642362301818198,0.1470272173974165,-1.0278184387685374,0.6198579778402094,0.0464335437105782,0.614165141990858,0.3830130732833173,1
1.0996255685855567,-0.5729154171897809,0.5954042140059908,-0.0489581841010269,0.4865662417507785,-0.6574206818172548,0.7458656925121712,-1.1698804247656385,0
2.3687048429961624,1.027680643451562,-0.573838077353456,-0.7053308636110819,0.1826051743452501,-0.6030013816321586,-0.0779767631533335,0.7083360732851169,1
0.1507792552372487,0.2266689622107811,-1.590706125857494,1.191799100570032,-2.711967193971949,0.411980046377708,0.1610910123058117,-0.9680381797136332,0
-1.3977699673025945,-0.2963817551667402,1.363410543124363,-0.2682333242831536,-1.3788464879469442,-1.660486416787638,-0.0197242070030072,1.6920628207055022,1
0.1160325316914559,-1.0413907052095577,2.284234424464682,1.3534260638586837,0.7468844813374388,-1.298769103961119,-0.5871838542304716,-0.4147480442397396,0
-0.1630888863650998,-2.368510558404296,-0.7642607802639318,0.4698386591441456,0.0155285409010529,-0.1530962740682598,0.2196784805601819,-0.3751749234464364,0
-1.807189749268016,0.2427900050707519,-0.8203743830554614,1.3962899152604829,-0.5793718773014117,0.5646187004929213,0.7053866901937372,-0.2242404897543442,0
-1.2697143028735831,-1.1333106020712025,1.1915711056358502,-0.3218642834002182,0.6130261190203852,-0.6755004041202504,0.3759163077891589,0.5970032718858096,1
-0.4568845206395394,-0.0314908274665424,-1.475338727181319,1.0265091666698312,-1.7217552530858298,0.5488774924972954,0.4340304192997176,-0.9310765461839886,0
2.159393759214064,1.1599723831854396,-1.0726534770125729,-0.4299812683794889,0.38333092282443,-0.8680357189515714,-1.027755923396693,0.3618527533181449,1
-2.360322887140181,0.5146925755227297,0.1509148056169352,-0.4408877103429748,0.1607155597265513,-0.4369959998200893,0.1220380040599121,0.0191639023074121,0
1.836437720055509,0.7142188367764486,-1.2242215442871431,0.4732370663949143,-0.4626705638000699,0.5968451475856862,0.7045875773397622,0.2174901613893527,1
-3.1252749896973118,1.6040478231310045,0.7080183547049995,0.20765719601111,-0.0092820995151954,-0.1059129890329255,0.2415997257760122,0.6597440125711428,0
-0.1791945973651665,0.4579778496126654,0.7289814965134618,-1.3666261526440608,-0.8314173040035512,-1.003725268993281,1.0219646032546623,-1.0254821164914472,1
3.212287333923711,0.1822422894268338,-0.334384875608923,0.5923587574334277,0.0023367311902424,-1.8401456982143156,0.3916303361039039,-0.1078618679023242,1
2.8707224542986904,-1.766947844500068,1.1019289486423545,0.2978745038546503,-0.2237465770310907,2.011066686812772,1.7866245291052023,0.7254274406183405,1
-1.1404094874024928,0.2488853721087282,1.2418669653581695,-0.444120655755442,0.9215729584443044,-0.7159350420052755,-0.4632075377074727,-0.6327519138659231,0
-1.175964992198189,0.5323339566364585,0.3598122675169053,1.627400541955618,-0.4667368269626338,-0.5238842468886505,-1.20905232869919,-0.2245907787316067,0
0.7646704396107026,-0.320113575134555,1.1468902284286655,0.5744617943809981,0.4472332060482182,-0.673875975664313,-0.0325650258205315,-1.3849214555807603,1
-1.8598232890320243,-1.621069534990732,-0.957669093907244,0.4622366504231453,-0.0883170187477227,-0.9979921851597554,-0.7213455752861956,0.4193773648401763,0
1.5549480365493673,3.0509294134661133,-0.2705394107662444,1.8622448396350968,-0.1864912453903297,0.6980151670681682,0.3099164765706102,0.1957554461716356,1
2.7693373077970405,0.6653455771508275,0.481251077424864,-0.6784847762433348,0.2941866596683418,-0.5393295016945308,1.546226329756803,1.1413459985322445,1
0.0645527305962899,0.2697678323713864,-1.9837242797102408,0.4240053895693074,-1.501170630218544,1.2731927642421226,-0.1886463973099403,0.2738030140378418,1
-3.147828620142526,1.6399612491154687,0.9159164939320624,0.2254729053700924,-0.4042241054703528,-0.1153605303153646,0.4421764829005591,0.633614792154998,0
2.652479933150567,-0.7610835029470397,2.087699971037745,-0.472217672948348,-1.3650183042670685,1.5941044739715835,0.6727296544649449,-1.1173870584666756,1
1.1035734277208773,0.4174297965130759,-1.501565201273376,0.2412245187941287,-0.7761966200358975,0.6880193650358212,-0.2792340367013548,-0.4673049406357084,1
-0.6884171477533922,1.4814312046900548,0.7196236623412517,1.074901058688376,-0.1768183944801347,-1.2465055009414645,-2.0302116402807338,-0.1385184333537429,1
2.604311444439056,-0.1973083660510293,2.2028377506114505,-0.1636686589907713,-2.1952901777412053,0.1722610015197548,0.8687076924497815,-0.748216992221971,1
1.886790571992919,2.371910478724081,-0.033654163259827,-0.0767929343093685,-1.5120489649365607,0.3940499166767464,0.3018790254876194,0.1606325114219191,1
-1.3412279248979069,-1.4621116742573932,-0.1905038142900592,0.8983464926207813,0.2011468031845335,-0.0741021181173473,0.3605271945574054,0.3024435785138357,1
